date,slot,source_type,source,product_name,canonical_product_name,rank,rank_range,prev_rank,rank_change,rank_direction,rank_change_label,is_new_entry,is_reentry,last_seen_date,last_seen_slot,last_seen_rank,days_since_last_seen,days_seen_7d,days_seen_14d,consecutive_days,best_rank_14d,worst_rank_14d,rank_velocity_3d,rising_stage,rising_score,rising_reason,rising_level,confidence_level,action_level,stable_summary,product_group,sub_group,original_product_group,exclude_from_opportunity,exclude_reason,note
2026-05-21,pm,rising,naver_top200,체리,체리,34,21-50,99.0,65.0,up,▲ 65단계,N,N,2026-05-20,pm,99.0,1.0,7,14,16,26,197,50.0,NAVER_RISING_FAST,100.0,Top20 진입 직전 구간 · 전 스냅샷 대비 급상승 · 최근 3일 상승 속도 빠름 · 최근 7일 중 7일 등장 · 16일 연속 등장,PRIORITY,high,시장 데이터 확인 필요,"체리은 네이버 예비 인기권에서 우선 관찰이 필요한 후보입니다. 현재 34위이며, 최근 7일 중 7일 등장했습니다.",agri,과일,농산물,N,,21~50_전량수집
2026-05-21,pm,rising,naver_top200,고추장,고추장,85,51-100,167.0,82.0,up,▲ 82단계,N,N,2026-05-20,pm,167.0,1.0,6,13,6,73,185,88.0,NAVER_WARMING_FAST,92.0,중위권 관심 형성 구간 · 전 스냅샷 대비 급상승 · 최근 3일 상승 속도 빠름 · 최근 7일 중 6일 등장 · 6일 연속 등장,WARMING,high,관찰 강화,"고추장은 관심 형성 구간에 있는 후보입니다. 현재 85위이며, 순위 변화는 ▲ 82단계입니다.",processed,장류/소스,가공식품,N,,Top200_확장후보
2026-05-21,pm,rising,naver_top200,암꽃게,암꽃게,41,21-50,54.0,13.0,up,▲ 13단계,N,N,2026-05-20,pm,54.0,1.0,7,14,22,33,140,46.0,NAVER_RISING_FAST,86.0,Top20 진입 직전 구간 · 전 스냅샷 대비 상승 · 최근 3일 상승 속도 빠름 · 최근 7일 중 7일 등장 · 22일 연속 등장,PRIORITY,high,시장 데이터 확인 필요,"암꽃게은 네이버 예비 인기권에서 우선 관찰이 필요한 후보입니다. 현재 41위이며, 최근 7일 중 7일 등장했습니다.",seafood,갑각류,수산물,N,,21~50_전량수집
2026-05-21,pm,rising,naver_top200,버터떡,버터떡,73,51-100,187.0,114.0,up,▲ 114단계,N,N,2026-05-20,pm,187.0,1.0,6,13,2,67,193,114.0,NAVER_WARMING_FAST,84.0,중위권 관심 형성 구간 · 전 스냅샷 대비 급상승 · 최근 3일 상승 속도 빠름 · 최근 7일 중 6일 등장,WARMING,high,관찰 강화,"버터떡은 관심 형성 구간에 있는 후보입니다. 현재 73위이며, 순위 변화는 ▲ 114단계입니다.",dessert,베이커리/디저트,가공식품,N,,Top200_확장후보
2026-05-21,pm,rising,naver_top200,토마토,토마토,29,21-50,55.0,26.0,up,▲ 26단계,N,N,2026-05-20,pm,55.0,1.0,7,14,29,29,175,10.0,NAVER_RISING_FAST,83.0,Top20 진입 직전 구간 · 전 스냅샷 대비 상승 · 최근 3일 상승 흐름 · 최근 7일 중 7일 등장 · 29일 연속 등장,PRIORITY,high,시장 데이터 확인 필요,"토마토은 네이버 예비 인기권에서 우선 관찰이 필요한 후보입니다. 현재 29위이며, 최근 7일 중 7일 등장했습니다.",agri,과채류,농산물,N,,21~50_전량수집
2026-05-21,pm,rising,naver_top200,수향미10kg,수향미10kg,49,21-50,61.0,12.0,up,▲ 12단계,N,N,2026-05-20,pm,61.0,1.0,7,14,29,48,110,27.0,NAVER_RISING_FAST,82.0,Top20 진입 직전 구간 · 전 스냅샷 대비 상승 · 최근 3일 상승 흐름 · 최근 7일 중 7일 등장 · 29일 연속 등장,PRIORITY,high,시장 데이터 확인 필요,"수향미10kg은 네이버 예비 인기권에서 우선 관찰이 필요한 후보입니다. 현재 49위이며, 최근 7일 중 7일 등장했습니다.",grain,쌀,농산물,N,,21~50_전량수집
2026-05-21,pm,rising,naver_top200,삼겹살,삼겹살,90,51-100,131.0,41.0,up,▲ 41단계,N,N,2026-05-20,pm,131.0,1.0,5,11,4,90,191,73.0,NAVER_WARMING_FAST,80.0,중위권 관심 형성 구간 · 전 스냅샷 대비 급상승 · 최근 3일 상승 속도 빠름 · 최근 7일 중 5일 등장 · 4일 연속 등장,WARMING,high,관찰 강화,"삼겹살은 관심 형성 구간에 있는 후보입니다. 현재 90위이며, 순위 변화는 ▲ 41단계입니다.",meat,돼지고기,축산물,N,,Top200_확장후보
2026-05-21,pm,rising,naver_top200,la갈비,la갈비,51,51-100,87.0,36.0,up,▲ 36단계,N,N,2026-05-20,pm,87.0,1.0,7,13,13,51,189,20.0,NAVER_WARMING_FAST,79.0,중위권 관심 형성 구간 · 전 스냅샷 대비 급상승 · 최근 3일 상승 흐름 · 최근 7일 중 7일 등장 · 13일 연속 등장,WARMING,high,관찰 강화,"la갈비은 관심 형성 구간에 있는 후보입니다. 현재 51위이며, 순위 변화는 ▲ 36단계입니다.",meat,소고기,meat,N,,Top200_확장후보
2026-05-21,pm,rising,naver_top200,전복,전복,69,51-100,105.0,36.0,up,▲ 36단계,N,N,2026-05-20,pm,105.0,1.0,7,14,29,52,153,25.0,NAVER_WARMING_FAST,79.0,중위권 관심 형성 구간 · 전 스냅샷 대비 급상승 · 최근 3일 상승 흐름 · 최근 7일 중 7일 등장 · 29일 연속 등장,WARMING,high,관찰 강화,"전복은 관심 형성 구간에 있는 후보입니다. 현재 69위이며, 순위 변화는 ▲ 36단계입니다.",seafood,패류,수산물,N,,Top200_확장후보
2026-05-21,pm,rising,naver_top200,두리안,두리안,81,51-100,114.0,33.0,up,▲ 33단계,N,N,2026-05-20,pm,114.0,1.0,7,14,16,60,170,24.0,NAVER_WARMING_FAST,79.0,중위권 관심 형성 구간 · 전 스냅샷 대비 급상승 · 최근 3일 상승 흐름 · 최근 7일 중 7일 등장 · 16일 연속 등장,WARMING,high,관찰 강화,"두리안은 관심 형성 구간에 있는 후보입니다. 현재 81위이며, 순위 변화는 ▲ 33단계입니다.",agri,농산물 원물,농산물,N,,Top200_확장후보
2026-05-21,pm,rising,naver_top200,초당옥수수,초당옥수수,23,21-50,29.0,6.0,up,▲ 6단계,N,N,2026-05-20,pm,29.0,1.0,7,12,11,23,119,22.0,NAVER_RISING_FAST,77.0,Top20 진입 직전 구간 · 최근 3일 상승 흐름 · 최근 7일 중 7일 등장 · 11일 연속 등장,PRIORITY,high,시장 데이터 확인 필요,"초당옥수수은 네이버 예비 인기권에서 우선 관찰이 필요한 후보입니다. 현재 23위이며, 최근 7일 중 7일 등장했습니다.",agri,시즌농산물,농산물,N,,21~50_전량수집
2026-05-21,pm,rising,naver_top200,갑오징어,갑오징어,56,51-100,72.0,16.0,up,▲ 16단계,N,N,2026-05-20,pm,72.0,1.0,7,14,25,56,154,53.0,NAVER_WARMING_FAST,77.0,중위권 관심 형성 구간 · 전 스냅샷 대비 상승 · 최근 3일 상승 속도 빠름 · 최근 7일 중 7일 등장 · 25일 연속 등장,WARMING,high,관찰 강화,"갑오징어은 관심 형성 구간에 있는 후보입니다. 현재 56위이며, 순위 변화는 ▲ 16단계입니다.",seafood,건어물,수산물,N,,Top200_확장후보
2026-05-21,pm,rising,naver_top200,자두,자두,96,51-100,107.0,11.0,up,▲ 11단계,N,N,2026-05-20,pm,107.0,1.0,4,8,4,96,189,93.0,NAVER_WARMING_FAST,70.0,중위권 관심 형성 구간 · 전 스냅샷 대비 상승 · 최근 3일 상승 속도 빠름 · 최근 7일 중 4일 등장 · 4일 연속 등장,WARMING,high,관찰 강화,"자두은 관심 형성 구간에 있는 후보입니다. 현재 96위이며, 순위 변화는 ▲ 11단계입니다.",agri,과일,농산물,N,,Top200_확장후보
2026-05-21,pm,rising,naver_top200,병아리콩,병아리콩,50,21-50,43.0,-7.0,down,▼ 7단계,N,N,2026-05-20,pm,43.0,1.0,7,14,29,43,84,24.0,NAVER_RISING_FAST,69.9,Top20 진입 직전 구간 · 순위 하락 · 최근 3일 상승 흐름 · 최근 7일 중 7일 등장 · 29일 연속 등장,PRIORITY,high,시장 데이터 확인 필요,"병아리콩은 네이버 예비 인기권에서 우선 관찰이 필요한 후보입니다. 현재 50위이며, 최근 7일 중 7일 등장했습니다.",grain,콩/잡곡,농산물,N,,21~50_전량수집
2026-05-21,pm,rising,naver_top200,당근,당근,66,51-100,70.0,4.0,up,▲ 4단계,N,N,2026-05-20,pm,70.0,1.0,7,14,29,66,197,44.0,NAVER_WARMING_FAST,68.0,중위권 관심 형성 구간 · 최근 3일 상승 속도 빠름 · 최근 7일 중 7일 등장 · 29일 연속 등장,WARMING,high,관찰 강화,"당근은 관심 형성 구간에 있는 후보입니다. 현재 66위이며, 순위 변화는 ▲ 4단계입니다.",agri,뿌리채소,농산물,N,,Top200_확장후보
2026-05-21,pm,rising,naver_top200,구운계란,구운계란,31,21-50,37.0,6.0,up,▲ 6단계,N,N,2026-05-20,pm,37.0,1.0,7,13,12,25,53,6.0,NAVER_RISING,67.0,Top20 진입 직전 구간 · 최근 7일 중 7일 등장 · 12일 연속 등장,PRIORITY,high,시장 데이터 확인 필요,"구운계란은 네이버 예비 인기권에서 우선 관찰이 필요한 후보입니다. 현재 31위이며, 최근 7일 중 7일 등장했습니다.",processed,축산가공,가공식품,N,,21~50_전량수집
2026-05-21,pm,rising,naver_top200,산딸기,산딸기,68,51-100,101.0,33.0,up,▲ 33단계,N,N,2026-05-20,pm,101.0,1.0,7,14,19,51,163,-11.0,NAVER_WARMING_FAST,66.8,중위권 관심 형성 구간 · 전 스냅샷 대비 급상승 · 최근 7일 중 7일 등장 · 19일 연속 등장,WARMING,high,관찰 강화,"산딸기은 관심 형성 구간에 있는 후보입니다. 현재 68위이며, 순위 변화는 ▲ 33단계입니다.",agri,과일,농산물,N,,Top200_확장후보
2026-05-21,pm,rising,naver_top200,두쫀쿠,두바이쫀득쿠키,107,101-200,129.0,22.0,up,▲ 22단계,N,N,2026-05-20,pm,129.0,1.0,7,14,29,68,148,41.0,NAVER_WATCH,66.0,초기 관찰 구간 · 전 스냅샷 대비 상승 · 최근 3일 상승 속도 빠름 · 최근 7일 중 7일 등장 · 29일 연속 등장,WATCH,high,추가 관찰,두쫀쿠은 초기 관찰 후보입니다. 최근 3일 기준 41단계 상승 흐름이 확인됩니다.,dessert,베이커리/디저트,가공식품,N,,Top200_확장후보
2026-05-21,pm,rising,naver_top200,복숭아,복숭아,52,51-100,68.0,16.0,up,▲ 16단계,N,N,2026-05-20,pm,68.0,1.0,7,14,19,41,182,16.0,NAVER_WARMING,65.0,중위권 관심 형성 구간 · 전 스냅샷 대비 상승 · 최근 3일 상승 흐름 · 최근 7일 중 7일 등장 · 19일 연속 등장,WARMING,high,관찰 강화,"복숭아은 관심 형성 구간에 있는 후보입니다. 현재 52위이며, 순위 변화는 ▲ 16단계입니다.",agri,과일,농산물,N,,Top200_확장후보
2026-05-21,pm,rising,naver_top200,떡,떡,104,101-200,118.0,14.0,up,▲ 14단계,N,N,2026-05-20,pm,118.0,1.0,6,11,6,61,184,80.0,NAVER_WATCH,65.0,초기 관찰 구간 · 전 스냅샷 대비 상승 · 최근 3일 상승 속도 빠름 · 최근 7일 중 6일 등장 · 6일 연속 등장,WATCH,high,추가 관찰,떡은 초기 관찰 후보입니다. 최근 3일 기준 80단계 상승 흐름이 확인됩니다.,dessert,떡,가공식품,N,,Top200_확장후보
2026-05-21,pm,rising,naver_top200,양배추즙,양배추즙,54,51-100,74.0,20.0,up,▲ 20단계,N,N,2026-05-20,pm,74.0,1.0,7,14,29,46,99,1.0,NAVER_WARMING_FAST,64.0,중위권 관심 형성 구간 · 전 스냅샷 대비 상승 · 최근 7일 중 7일 등장 · 29일 연속 등장,WARMING,high,관찰 강화,"양배추즙은 관심 형성 구간에 있는 후보입니다. 현재 54위이며, 순위 변화는 ▲ 20단계입니다.",processed,가공식품,가공식품,N,,Top200_확장후보
2026-05-21,pm,rising,naver_top200,궁채,궁채,124,101-200,173.0,49.0,up,▲ 49단계,N,N,2026-05-20,pm,173.0,1.0,7,12,9,77,177,19.0,NAVER_WATCH,63.0,초기 관찰 구간 · 전 스냅샷 대비 급상승 · 최근 3일 상승 흐름 · 최근 7일 중 7일 등장 · 9일 연속 등장,WATCH,high,추가 관찰,궁채은 초기 관찰 후보입니다. 최근 3일 기준 19단계 상승 흐름이 확인됩니다.,agri,농산물 원물,농산물,N,,Top200_확장후보
2026-05-21,pm,rising,naver_top200,고구마,고구마,71,51-100,95.0,24.0,up,▲ 24단계,N,N,2026-05-20,pm,95.0,1.0,7,14,29,36,120,-20.0,NAVER_WARMING_FAST,60.0,중위권 관심 형성 구간 · 전 스냅샷 대비 상승 · 최근 7일 중 7일 등장 · 29일 연속 등장,WARMING,high,관찰 강화,"고구마은 관심 형성 구간에 있는 후보입니다. 현재 71위이며, 순위 변화는 ▲ 24단계입니다.",agri,뿌리채소,농산물,N,,Top200_확장후보
2026-05-21,pm,rising,naver_top200,곱창김,곱창김,131,101-200,172.0,41.0,up,▲ 41단계,N,N,2026-05-20,pm,172.0,1.0,4,9,2,125,194,41.0,NAVER_WATCH,60.0,초기 관찰 구간 · 전 스냅샷 대비 급상승 · 최근 3일 상승 속도 빠름 · 최근 7일 중 4일 등장,WATCH,high,추가 관찰,곱창김은 초기 관찰 후보입니다. 최근 3일 기준 41단계 상승 흐름이 확인됩니다.,seafood,해조류,가공식품,N,,Top200_확장후보
2026-05-21,pm,rising,naver_top200,장어,장어,83,51-100,112.0,29.0,up,▲ 29단계,N,N,2026-05-20,pm,112.0,1.0,5,12,4,55,198,-4.0,NAVER_WARMING_FAST,56.2,중위권 관심 형성 구간 · 전 스냅샷 대비 상승 · 최근 7일 중 5일 등장 · 4일 연속 등장,WARMING,high,관찰 강화,"장어은 관심 형성 구간에 있는 후보입니다. 현재 83위이며, 순위 변화는 ▲ 29단계입니다.",seafood,생선/수산물,수산물,N,,Top200_확장후보
2026-05-21,pm,rising,naver_top200,민물장어,민물장어,154,101-200,190.0,36.0,up,▲ 36단계,N,N,2026-05-20,pm,190.0,1.0,3,5,2,142,190,36.0,NAVER_WATCH,56.0,초기 관찰 구간 · 전 스냅샷 대비 급상승 · 최근 3일 상승 속도 빠름,WATCH,medium,추가 관찰,민물장어은 초기 관찰 후보입니다. 최근 3일 기준 36단계 상승 흐름이 확인됩니다.,seafood,생선/수산물,수산물,N,,Top200_확장후보
2026-05-21,pm,rising,naver_top200,수향미,수향미,80,51-100,63.0,-17.0,down,▼ 17단계,N,N,2026-05-20,pm,63.0,1.0,7,14,21,63,153,23.0,NAVER_WARMING_FAST,53.9,중위권 관심 형성 구간 · 순위 하락 · 최근 3일 상승 흐름 · 최근 7일 중 7일 등장 · 21일 연속 등장,WARMING,high,관찰 강화,"수향미은 관심 형성 구간에 있는 후보입니다. 현재 80위이며, 순위 변화는 ▼ 17단계입니다.",grain,쌀,농산물,N,,Top200_확장후보
2026-05-21,pm,rising,naver_top200,망고,망고,30,21-50,,,reentry,RE-ENTRY,N,Y,2026-05-19,pm,23.0,2.0,6,12,1,23,34,-7.0,NAVER_RISING,53.6,Top20 진입 직전 구간 · 재진입 · 최근 7일 중 6일 등장,WARMING,high,관찰 강화,"망고은 관심 형성 구간에 있는 후보입니다. 현재 30위이며, 순위 변화는 RE-ENTRY입니다.",agri,농산물 원물,농산물,N,,21~50_전량수집
2026-05-21,pm,rising,naver_top200,육회,육회,138,101-200,139.0,1.0,up,▲ 1단계,N,N,2026-05-20,pm,139.0,1.0,4,7,4,138,197,59.0,NAVER_WATCH,53.0,초기 관찰 구간 · 최근 3일 상승 속도 빠름 · 최근 7일 중 4일 등장 · 4일 연속 등장,WATCH,high,추가 관찰,육회은 초기 관찰 후보입니다. 최근 3일 기준 59단계 상승 흐름이 확인됩니다.,meat,소고기,축산물,N,,Top200_확장후보
2026-05-21,pm,rising,naver_top200,오이,오이,32,21-50,28.0,-4.0,down,▼ 4단계,N,N,2026-05-20,pm,28.0,1.0,6,13,2,22,49,-4.0,NAVER_RISING,52.0,Top20 진입 직전 구간 · 순위 하락 · 최근 7일 중 6일 등장,PRIORITY,high,시장 데이터 확인 필요,"오이은 네이버 예비 인기권에서 우선 관찰이 필요한 후보입니다. 현재 32위이며, 최근 7일 중 6일 등장했습니다.",agri,과채류,농산물,N,,21~50_전량수집
2026-05-21,pm,rising,naver_top200,감자,감자,36,21-50,,,reentry,RE-ENTRY,N,Y,2026-05-18,pm,23.0,3.0,5,7,1,23,36,,NAVER_RISING,52.0,Top20 진입 직전 구간 · 재진입 · 최근 7일 중 5일 등장,WARMING,high,관찰 강화,"감자은 관심 형성 구간에 있는 후보입니다. 현재 36위이며, 순위 변화는 RE-ENTRY입니다.",agri,뿌리채소,농산물,N,,21~50_전량수집
2026-05-21,pm,rising,naver_top200,호두,호두,100,51-100,108.0,8.0,up,▲ 8단계,N,N,2026-05-20,pm,108.0,1.0,6,13,6,70,170,-10.0,NAVER_WARMING,52.0,중위권 관심 형성 구간 · 최근 7일 중 6일 등장 · 6일 연속 등장,WARMING,high,관찰 강화,"호두은 관심 형성 구간에 있는 후보입니다. 현재 100위이며, 순위 변화는 ▲ 8단계입니다.",agri,견과류,농산물,N,,Top200_확장후보
2026-05-21,pm,rising,naver_top200,그릭요거트,그릭요거트,47,21-50,25.0,-22.0,down,▼ 22단계,N,N,2026-05-20,pm,25.0,1.0,7,14,29,22,47,-20.0,NAVER_RISING,51.4,Top20 진입 직전 구간 · 순위 하락 · 최근 7일 중 7일 등장 · 29일 연속 등장,PRIORITY,high,시장 데이터 확인 필요,"그릭요거트은 네이버 예비 인기권에서 우선 관찰이 필요한 후보입니다. 현재 47위이며, 최근 7일 중 7일 등장했습니다.",dessert,간식/디저트,가공식품,N,,21~50_전량수집
2026-05-21,pm,rising,naver_top200,꽃보다오징어,꽃보다오징어,94,51-100,103.0,9.0,up,▲ 9단계,N,N,2026-05-20,pm,103.0,1.0,7,8,8,33,200,-14.0,NAVER_WARMING,51.2,중위권 관심 형성 구간 · 최근 7일 중 7일 등장 · 8일 연속 등장,WARMING,high,관찰 강화,"꽃보다오징어은 관심 형성 구간에 있는 후보입니다. 현재 94위이며, 순위 변화는 ▲ 9단계입니다.",seafood,건어물,가공식품,N,,Top200_확장후보
2026-05-21,pm,rising,naver_top200,간장게장,간장게장,130,101-200,165.0,35.0,up,▲ 35단계,N,N,2026-05-20,pm,165.0,1.0,4,8,3,85,191,-6.0,NAVER_WATCH,48.8,초기 관찰 구간 · 전 스냅샷 대비 급상승 · 최근 7일 중 4일 등장 · 3일 연속 등장,WATCH,high,추가 관찰,간장게장은 네이버 21~200위권에서 관찰 중인 후보입니다. 추가 수집 후 반복 등장 여부를 확인해야 합니다.,processed,반찬/수산가공,가공식품,N,,Top200_확장후보
2026-05-21,pm,rising,naver_top200,닭다리살,닭다리살,57,51-100,57.0,0.0,flat,변동없음,N,N,2026-05-20,pm,57.0,1.0,7,14,29,48,135,-9.0,NAVER_WARMING,47.2,중위권 관심 형성 구간 · 최근 7일 중 7일 등장 · 29일 연속 등장,WARMING,high,관찰 강화,"닭다리살은 관심 형성 구간에 있는 후보입니다. 현재 57위이며, 순위 변화는 변동없음입니다.",meat,닭고기,축산물,N,,Top200_확장후보
2026-05-21,pm,rising,naver_top200,레몬즙,레몬즙,33,21-50,22.0,-11.0,down,▼ 11단계,N,N,2026-05-20,pm,22.0,1.0,4,8,2,22,45,-11.0,NAVER_RISING,45.5,Top20 진입 직전 구간 · 순위 하락 · 최근 7일 중 4일 등장,PRIORITY,high,시장 데이터 확인 필요,"레몬즙은 네이버 예비 인기권에서 우선 관찰이 필요한 후보입니다. 현재 33위이며, 최근 7일 중 4일 등장했습니다.",processed,가공식품,가공식품,N,,21~50_전량수집
2026-05-21,pm,rising,naver_top200,땅콩버터,땅콩버터,92,51-100,88.0,-4.0,down,▼ 4단계,N,N,2026-05-20,pm,88.0,1.0,6,13,5,48,99,-14.0,NAVER_WARMING,45.0,중위권 관심 형성 구간 · 순위 하락 · 최근 7일 중 6일 등장 · 5일 연속 등장,WARMING,high,관찰 강화,"땅콩버터은 관심 형성 구간에 있는 후보입니다. 현재 92위이며, 순위 변화는 ▼ 4단계입니다.",processed,스프레드/소스,가공식품,N,,Top200_확장후보
2026-05-21,pm,rising,naver_top200,오렌지,오렌지,62,51-100,50.0,-12.0,down,▼ 12단계,N,N,2026-05-20,pm,50.0,1.0,7,14,29,29,78,-4.0,NAVER_WARMING,44.6,중위권 관심 형성 구간 · 순위 하락 · 최근 7일 중 7일 등장 · 29일 연속 등장,WATCH,high,추가 관찰,오렌지은 네이버 21~200위권에서 관찰 중인 후보입니다. 추가 수집 후 반복 등장 여부를 확인해야 합니다.,agri,과일,농산물,N,,Top200_확장후보
2026-05-21,pm,rising,naver_top200,미숫가루,미숫가루,141,101-200,152.0,11.0,up,▲ 11단계,N,N,2026-05-20,pm,152.0,1.0,7,9,9,72,177,-24.0,NAVER_WATCH,42.2,초기 관찰 구간 · 전 스냅샷 대비 상승 · 최근 7일 중 7일 등장 · 9일 연속 등장,WATCH,high,추가 관찰,미숫가루은 네이버 21~200위권에서 관찰 중인 후보입니다. 추가 수집 후 반복 등장 여부를 확인해야 합니다.,processed,곡물가공/분말,가공식품,N,,Top200_확장후보
2026-05-21,pm,rising,naver_top200,누룽지,누룽지,98,51-100,73.0,-25.0,down,▼ 25단계,N,N,2026-05-20,pm,73.0,1.0,7,14,29,58,199,1.0,NAVER_WARMING,41.5,중위권 관심 형성 구간 · 순위 하락 · 최근 7일 중 7일 등장 · 29일 연속 등장,WATCH,high,추가 관찰,누룽지은 초기 관찰 후보입니다. 최근 3일 기준 1단계 상승 흐름이 확인됩니다.,processed,가공식품,가공식품,N,,Top200_확장후보
2026-05-21,pm,rising,naver_top200,올리브오일,올리브오일,21,21-50,,,reentry,RE-ENTRY,N,Y,2026-04-29,pm,21.0,22.0,1,1,1,21,21,,NAVER_RISING,40.0,Top20 진입 직전 구간 · 재진입,WATCH,low,추가 관찰,올리브오일은 네이버 21~200위권에서 관찰 중인 후보입니다. 추가 수집 후 반복 등장 여부를 확인해야 합니다.,ingredient,오일/유지,수입원재료,N,,21~50_전량수집
2026-05-21,pm,rising,naver_top200,문어,문어,109,101-200,,,reentry,RE-ENTRY,N,Y,2026-05-19,pm,179.0,2.0,5,5,1,109,195,70.0,NAVER_REENTRY,40.0,초기 관찰 구간 · 재진입 · 최근 3일 상승 속도 빠름 · 최근 7일 중 5일 등장,WATCH,high,추가 관찰,문어은 초기 관찰 후보입니다. 최근 3일 기준 70단계 상승 흐름이 확인됩니다.,seafood,생선/수산물,수산물,N,,Top200_확장후보
2026-05-21,pm,rising,naver_top200,참기름,참기름,93,51-100,66.0,-27.0,down,▼ 27단계,N,N,2026-05-20,pm,66.0,1.0,7,14,29,39,157,-8.0,NAVER_WARMING,39.3,중위권 관심 형성 구간 · 순위 하락 · 최근 7일 중 7일 등장 · 29일 연속 등장,WATCH,high,추가 관찰,참기름은 네이버 21~200위권에서 관찰 중인 후보입니다. 추가 수집 후 반복 등장 여부를 확인해야 합니다.,ingredient,오일/유지,가공식품,N,,Top200_확장후보
2026-05-21,pm,rising,naver_top200,마누카꿀,마누카꿀,59,51-100,,,reentry,RE-ENTRY,N,Y,2026-05-19,pm,65.0,2.0,5,7,1,59,150,6.0,NAVER_WARMING,39.0,중위권 관심 형성 구간 · 재진입 · 최근 7일 중 5일 등장,WATCH,high,추가 관찰,마누카꿀은 초기 관찰 후보입니다. 최근 3일 기준 6단계 상승 흐름이 확인됩니다.,ingredient,감미료/청,농축산물,N,,Top200_확장후보
2026-05-21,pm,rising,naver_top200,냉동블루베리,냉동블루베리,63,51-100,46.0,-17.0,down,▼ 17단계,N,N,2026-05-20,pm,46.0,1.0,7,14,29,33,68,-28.0,NAVER_WARMING,38.3,중위권 관심 형성 구간 · 순위 하락 · 최근 7일 중 7일 등장 · 29일 연속 등장,WATCH,high,추가 관찰,냉동블루베리은 네이버 21~200위권에서 관찰 중인 후보입니다. 추가 수집 후 반복 등장 여부를 확인해야 합니다.,processed,가공식품,가공식품,N,,Top200_확장후보
2026-05-21,pm,rising,naver_top200,버터,버터,87,51-100,67.0,-20.0,down,▼ 20단계,N,N,2026-05-20,pm,67.0,1.0,7,14,29,59,150,-28.0,NAVER_WARMING,37.4,중위권 관심 형성 구간 · 순위 하락 · 최근 7일 중 7일 등장 · 29일 연속 등장,WATCH,high,추가 관찰,버터은 네이버 21~200위권에서 관찰 중인 후보입니다. 추가 수집 후 반복 등장 여부를 확인해야 합니다.,ingredient,유제품원료,가공식품,N,,Top200_확장후보
2026-05-21,pm,rising,naver_top200,완두콩,완두콩,64,51-100,45.0,-19.0,down,▼ 19단계,N,N,2026-05-20,pm,45.0,1.0,7,13,11,34,103,-30.0,NAVER_WARMING,37.3,중위권 관심 형성 구간 · 순위 하락 · 최근 7일 중 7일 등장 · 11일 연속 등장,WATCH,high,추가 관찰,완두콩은 네이버 21~200위권에서 관찰 중인 후보입니다. 추가 수집 후 반복 등장 여부를 확인해야 합니다.,grain,콩/잡곡,농산물,N,,Top200_확장후보
2026-05-21,pm,rising,naver_top200,견과류,견과류,74,51-100,51.0,-23.0,down,▼ 23단계,N,N,2026-05-20,pm,51.0,1.0,7,14,29,43,160,-31.0,NAVER_WARMING,35.9,중위권 관심 형성 구간 · 순위 하락 · 최근 7일 중 7일 등장 · 29일 연속 등장,WATCH,high,추가 관찰,견과류은 네이버 21~200위권에서 관찰 중인 후보입니다. 추가 수집 후 반복 등장 여부를 확인해야 합니다.,agri,견과류,가공식품,N,,Top200_확장후보
2026-05-21,pm,rising,naver_top200,양파,양파,75,51-100,48.0,-27.0,down,▼ 27단계,N,N,2026-05-20,pm,48.0,1.0,7,12,8,45,197,-28.0,NAVER_WARMING,35.3,중위권 관심 형성 구간 · 순위 하락 · 최근 7일 중 7일 등장 · 8일 연속 등장,WATCH,high,추가 관찰,양파은 네이버 21~200위권에서 관찰 중인 후보입니다. 추가 수집 후 반복 등장 여부를 확인해야 합니다.,agri,뿌리채소,농산물,N,,Top200_확장후보
2026-05-21,pm,rising,naver_top200,반건조오징어,반건조오징어,106,101-200,115.0,9.0,up,▲ 9단계,N,N,2026-05-20,pm,115.0,1.0,6,13,2,106,180,9.0,NAVER_WATCH,34.0,초기 관찰 구간 · 최근 7일 중 6일 등장,WATCH,high,추가 관찰,반건조오징어은 초기 관찰 후보입니다. 최근 3일 기준 9단계 상승 흐름이 확인됩니다.,seafood,건어물,가공식품,N,,Top200_확장후보
2026-05-21,pm,rising,naver_top200,가리비,가리비,140,101-200,156.0,16.0,up,▲ 16단계,N,N,2026-05-20,pm,156.0,1.0,2,2,2,140,156,16.0,NAVER_WATCH,34.0,초기 관찰 구간 · 전 스냅샷 대비 상승 · 최근 3일 상승 흐름,WATCH,medium,추가 관찰,가리비은 초기 관찰 후보입니다. 최근 3일 기준 16단계 상승 흐름이 확인됩니다.,seafood,패류,seafood,N,,Top200_확장후보
2026-05-21,pm,rising,naver_top200,김치,김치,84,51-100,32.0,-52.0,down,▼ 52단계,N,N,2026-05-20,pm,32.0,1.0,7,14,29,27,184,-24.0,NAVER_WARMING,32.2,중위권 관심 형성 구간 · 순위 하락 · 최근 7일 중 7일 등장 · 29일 연속 등장,WATCH,high,추가 관찰,김치은 네이버 21~200위권에서 관찰 중인 후보입니다. 추가 수집 후 반복 등장 여부를 확인해야 합니다.,processed,김치/절임,가공식품,N,,Top200_확장후보
2026-05-21,pm,rising,naver_top200,앵커버터,앵커버터,136,101-200,,,reentry,RE-ENTRY,N,Y,2026-05-19,pm,166.0,2.0,3,5,1,136,190,30.0,NAVER_REENTRY,32.0,초기 관찰 구간 · 재진입 · 최근 3일 상승 속도 빠름,WATCH,medium,추가 관찰,앵커버터은 초기 관찰 후보입니다. 최근 3일 기준 30단계 상승 흐름이 확인됩니다.,ingredient,유제품원료,가공식품,N,,Top200_확장후보
2026-05-21,pm,rising,naver_top200,들기름,들기름,155,101-200,159.0,4.0,up,▲ 4단계,N,N,2026-05-20,pm,159.0,1.0,6,12,6,90,187,-54.0,NAVER_WATCH,32.0,초기 관찰 구간 · 최근 7일 중 6일 등장 · 6일 연속 등장,WATCH,high,추가 관찰,들기름은 네이버 21~200위권에서 관찰 중인 후보입니다. 추가 수집 후 반복 등장 여부를 확인해야 합니다.,ingredient,오일/유지,가공식품,N,,Top200_확장후보
2026-05-21,pm,rising,naver_top200,명이나물,명이나물,152,101-200,77.0,-75.0,down,▼ 75단계,N,N,2026-05-20,pm,77.0,1.0,6,13,3,52,175,23.0,NAVER_WATCH,31.0,초기 관찰 구간 · 순위 하락 · 최근 3일 상승 흐름 · 최근 7일 중 6일 등장 · 3일 연속 등장,WATCH,high,추가 관찰,명이나물은 초기 관찰 후보입니다. 최근 3일 기준 23단계 상승 흐름이 확인됩니다.,agri,엽채/나물,농산물,N,,Top200_확장후보
2026-05-21,pm,rising,naver_top200,쥐포,쥐포,166,101-200,186.0,20.0,up,▲ 20단계,N,N,2026-05-20,pm,186.0,1.0,3,6,3,88,186,-78.0,NAVER_WATCH,31.0,초기 관찰 구간 · 전 스냅샷 대비 상승 · 3일 연속 등장,WATCH,high,추가 관찰,쥐포은 네이버 21~200위권에서 관찰 중인 후보입니다. 추가 수집 후 반복 등장 여부를 확인해야 합니다.,processed,가공식품,가공식품,N,,Top200_확장후보
2026-05-21,pm,rising,naver_top200,쌀,쌀,127,101-200,110.0,-17.0,down,▼ 17단계,N,N,2026-05-20,pm,110.0,1.0,7,14,29,65,167,-7.0,NAVER_WATCH,30.5,초기 관찰 구간 · 순위 하락 · 최근 7일 중 7일 등장 · 29일 연속 등장,WATCH,high,추가 관찰,쌀은 네이버 21~200위권에서 관찰 중인 후보입니다. 추가 수집 후 반복 등장 여부를 확인해야 합니다.,grain,쌀,농산물,N,,Top200_확장후보
2026-05-21,pm,rising,naver_top200,단백질바,단백질바,134,101-200,,,reentry,RE-ENTRY,N,Y,2026-05-19,pm,147.0,2.0,4,7,1,106,185,13.0,NAVER_REENTRY,28.0,초기 관찰 구간 · 재진입 · 최근 3일 상승 흐름 · 최근 7일 중 4일 등장,WATCH,high,추가 관찰,단백질바은 초기 관찰 후보입니다. 최근 3일 기준 13단계 상승 흐름이 확인됩니다.,processed,건강간식/단백질스낵,가공식품,N,,Top200_확장후보
2026-05-21,pm,rising,naver_top200,유기농레몬즙,유기농레몬즙,142,101-200,,,reentry,RE-ENTRY,N,Y,2026-05-19,pm,171.0,2.0,3,5,1,142,192,29.0,NAVER_REENTRY,28.0,초기 관찰 구간 · 재진입 · 최근 3일 상승 흐름,WATCH,medium,추가 관찰,유기농레몬즙은 초기 관찰 후보입니다. 최근 3일 기준 29단계 상승 흐름이 확인됩니다.,processed,가공식품,가공식품,N,,Top200_확장후보
2026-05-21,pm,rising,naver_top200,매실청,매실청,172,101-200,,,reentry,RE-ENTRY,N,Y,2026-05-19,pm,186.0,2.0,4,6,1,146,186,14.0,NAVER_REENTRY,28.0,초기 관찰 구간 · 재진입 · 최근 3일 상승 흐름 · 최근 7일 중 4일 등장,WATCH,high,추가 관찰,매실청은 초기 관찰 후보입니다. 최근 3일 기준 14단계 상승 흐름이 확인됩니다.,ingredient,감미료/청,가공식품,N,,Top200_확장후보
2026-05-21,pm,rising,naver_top200,옥수수,옥수수,120,101-200,111.0,-9.0,down,▼ 9단계,N,N,2026-05-20,pm,111.0,1.0,6,13,4,88,181,-13.0,NAVER_WATCH,27.7,초기 관찰 구간 · 순위 하락 · 최근 7일 중 6일 등장 · 4일 연속 등장,WATCH,high,추가 관찰,옥수수은 네이버 21~200위권에서 관찰 중인 후보입니다. 추가 수집 후 반복 등장 여부를 확인해야 합니다.,agri,곡물성 채소,농산물,N,,Top200_확장후보
2026-05-21,pm,rising,naver_top200,진미채,진미채,123,101-200,100.0,-23.0,down,▼ 23단계,N,N,2026-05-20,pm,100.0,1.0,7,14,29,47,135,-15.0,NAVER_WATCH,27.1,초기 관찰 구간 · 순위 하락 · 최근 7일 중 7일 등장 · 29일 연속 등장,WATCH,high,추가 관찰,진미채은 네이버 21~200위권에서 관찰 중인 후보입니다. 추가 수집 후 반복 등장 여부를 확인해야 합니다.,seafood,건어물,가공식품,N,,Top200_확장후보
2026-05-21,pm,rising,naver_top200,열무김치,열무김치,103,101-200,82.0,-21.0,down,▼ 21단계,N,N,2026-05-20,pm,82.0,1.0,7,13,13,50,175,-22.0,NAVER_WATCH,26.3,초기 관찰 구간 · 순위 하락 · 최근 7일 중 7일 등장 · 13일 연속 등장,WATCH,high,추가 관찰,열무김치은 네이버 21~200위권에서 관찰 중인 후보입니다. 추가 수집 후 반복 등장 여부를 확인해야 합니다.,processed,김치/절임,가공식품,N,,Top200_확장후보
2026-05-21,pm,rising,naver_top200,아몬든,아몬든,67,51-100,,,new,NEW,Y,N,,,,,1,1,1,67,67,,NAVER_WARMING,26.0,중위권 관심 형성 구간 · 신규 진입,WATCH,low,추가 관찰,아몬든은 네이버 21~200위권에서 관찰 중인 후보입니다. 추가 수집 후 반복 등장 여부를 확인해야 합니다.,agri,견과류,농산물,N,,Top200_확장후보
2026-05-21,pm,rising,naver_top200,신비복숭아,신비복숭아,195,101-200,178.0,-17.0,down,▼ 17단계,N,N,2026-05-20,pm,178.0,1.0,5,6,4,114,195,-1.0,NAVER_WATCH,24.7,초기 관찰 구간 · 순위 하락 · 최근 7일 중 5일 등장 · 4일 연속 등장,WATCH,high,추가 관찰,신비복숭아은 네이버 21~200위권에서 관찰 중인 후보입니다. 추가 수집 후 반복 등장 여부를 확인해야 합니다.,agri,과일,농산물,N,,Top200_확장후보
2026-05-21,pm,rising,naver_top200,마카다미아,마카다미아,125,101-200,122.0,-3.0,down,▼ 3단계,N,N,2026-05-20,pm,122.0,1.0,5,6,2,122,194,-3.0,NAVER_WATCH,24.5,초기 관찰 구간 · 순위 하락 · 최근 7일 중 5일 등장,WATCH,high,추가 관찰,마카다미아은 네이버 21~200위권에서 관찰 중인 후보입니다. 추가 수집 후 반복 등장 여부를 확인해야 합니다.,agri,농산물 원물,농산물,N,,Top200_확장후보
2026-05-21,pm,rising,naver_top200,냉면육수,냉면육수,159,101-200,150.0,-9.0,down,▼ 9단계,N,N,2026-05-20,pm,150.0,1.0,7,9,8,55,188,-92.0,NAVER_WATCH,24.3,초기 관찰 구간 · 순위 하락 · 최근 7일 중 7일 등장 · 8일 연속 등장,WATCH,high,추가 관찰,냉면육수은 네이버 21~200위권에서 관찰 중인 후보입니다. 추가 수집 후 반복 등장 여부를 확인해야 합니다.,processed,간편식/반찬,가공식품,N,,Top200_확장후보
2026-05-21,pm,rising,naver_top200,콩국물,콩국물,184,101-200,163.0,-21.0,down,▼ 21단계,N,N,2026-05-20,pm,163.0,1.0,5,5,5,35,184,-19.0,NAVER_WATCH,23.9,초기 관찰 구간 · 순위 하락 · 최근 7일 중 5일 등장 · 5일 연속 등장,WATCH,high,추가 관찰,콩국물은 네이버 21~200위권에서 관찰 중인 후보입니다. 추가 수집 후 반복 등장 여부를 확인해야 합니다.,processed,음료/차류,가공식품,N,,Top200_확장후보
2026-05-21,pm,rising,naver_top200,오징어,오징어,137,101-200,123.0,-14.0,down,▼ 14단계,N,N,2026-05-20,pm,123.0,1.0,6,12,5,65,191,-46.0,NAVER_WATCH,23.6,초기 관찰 구간 · 순위 하락 · 최근 7일 중 6일 등장 · 5일 연속 등장,WATCH,high,추가 관찰,오징어은 네이버 21~200위권에서 관찰 중인 후보입니다. 추가 수집 후 반복 등장 여부를 확인해야 합니다.,seafood,건어물,수산물,N,,Top200_확장후보
2026-05-21,pm,rising,naver_top200,모짜렐라치즈,모짜렐라치즈,102,101-200,93.0,-9.0,down,▼ 9단계,N,N,2026-05-20,pm,93.0,1.0,4,10,3,82,198,-20.0,NAVER_WATCH,23.3,초기 관찰 구간 · 순위 하락 · 최근 7일 중 4일 등장 · 3일 연속 등장,WATCH,high,추가 관찰,모짜렐라치즈은 네이버 21~200위권에서 관찰 중인 후보입니다. 추가 수집 후 반복 등장 여부를 확인해야 합니다.,ingredient,유제품원료,가공식품,N,,Top200_확장후보
2026-05-21,pm,rising,naver_top200,알룰로스,알룰로스,153,101-200,158.0,5.0,up,▲ 5단계,N,N,2026-05-20,pm,158.0,1.0,2,2,2,153,158,5.0,NAVER_WATCH,23.0,초기 관찰 구간,WATCH,medium,추가 관찰,알룰로스은 초기 관찰 후보입니다. 최근 3일 기준 5단계 상승 흐름이 확인됩니다.,ingredient,감미료/청,가공식품,N,,Top200_확장후보
2026-05-21,pm,rising,naver_top200,고등어,고등어,191,101-200,182.0,-9.0,down,▼ 9단계,N,N,2026-05-20,pm,182.0,1.0,4,9,2,60,191,-9.0,NAVER_WATCH,21.5,초기 관찰 구간 · 순위 하락 · 최근 7일 중 4일 등장,WATCH,high,추가 관찰,고등어은 네이버 21~200위권에서 관찰 중인 후보입니다. 추가 수집 후 반복 등장 여부를 확인해야 합니다.,seafood,생선/수산물,수산물,N,,Top200_확장후보
2026-05-21,pm,rising,naver_top200,마른오징어,마른오징어,161,101-200,138.0,-23.0,down,▼ 23단계,N,N,2026-05-20,pm,138.0,1.0,7,13,7,64,161,-47.0,NAVER_WATCH,20.7,초기 관찰 구간 · 순위 하락 · 최근 7일 중 7일 등장 · 7일 연속 등장,WATCH,high,추가 관찰,마른오징어은 네이버 21~200위권에서 관찰 중인 후보입니다. 추가 수집 후 반복 등장 여부를 확인해야 합니다.,seafood,건어물,가공식품,N,,Top200_확장후보
2026-05-21,pm,rising,naver_top200,시오콘부,시오콘부,110,101-200,76.0,-34.0,down,▼ 34단계,N,N,2026-05-20,pm,76.0,1.0,5,12,3,76,195,1.0,NAVER_WATCH,19.8,초기 관찰 구간 · 순위 하락 · 최근 7일 중 5일 등장 · 3일 연속 등장,WATCH,high,추가 관찰,시오콘부은 초기 관찰 후보입니다. 최근 3일 기준 1단계 상승 흐름이 확인됩니다.,seafood,해조류,가공식품,N,,Top200_확장후보
2026-05-21,pm,rising,naver_top200,황태채,황태채,128,101-200,113.0,-15.0,down,▼ 15단계,N,N,2026-05-20,pm,113.0,1.0,5,8,2,113,168,-15.0,NAVER_WATCH,18.5,초기 관찰 구간 · 순위 하락 · 최근 7일 중 5일 등장,WATCH,high,추가 관찰,황태채은 네이버 21~200위권에서 관찰 중인 후보입니다. 추가 수집 후 반복 등장 여부를 확인해야 합니다.,seafood,건어물,가공식품,N,,Top200_확장후보
2026-05-21,pm,rising,naver_top200,바지락,바지락,167,101-200,160.0,-7.0,down,▼ 7단계,N,N,2026-05-20,pm,160.0,1.0,3,10,2,98,167,-7.0,NAVER_WATCH,18.5,초기 관찰 구간 · 순위 하락,WATCH,medium,추가 관찰,바지락은 네이버 21~200위권에서 관찰 중인 후보입니다. 추가 수집 후 반복 등장 여부를 확인해야 합니다.,seafood,패류,수산물,N,,Top200_확장후보
2026-05-21,pm,rising,naver_top200,육포,육포,180,101-200,143.0,-37.0,down,▼ 37단계,N,N,2026-05-20,pm,143.0,1.0,5,9,5,143,197,-23.0,NAVER_WATCH,18.3,초기 관찰 구간 · 순위 하락 · 최근 7일 중 5일 등장 · 5일 연속 등장,WATCH,high,추가 관찰,육포은 네이버 21~200위권에서 관찰 중인 후보입니다. 추가 수집 후 반복 등장 여부를 확인해야 합니다.,processed,축산가공,가공식품,N,,Top200_확장후보
2026-05-21,pm,rising,naver_top200,무알콜맥주,무알콜맥주,192,101-200,,,reentry,RE-ENTRY,N,Y,2026-05-17,pm,188.0,4.0,3,4,1,128,192,,NAVER_REENTRY,18.0,초기 관찰 구간 · 재진입,WATCH,medium,추가 관찰,무알콜맥주은 네이버 21~200위권에서 관찰 중인 후보입니다. 추가 수집 후 반복 등장 여부를 확인해야 합니다.,processed,음료/차류,가공식품,N,,Top200_확장후보
2026-05-21,pm,rising,naver_top200,밀키트,밀키트,163,101-200,151.0,-12.0,down,▼ 12단계,N,N,2026-05-20,pm,151.0,1.0,3,5,2,34,163,-12.0,NAVER_WATCH,16.0,초기 관찰 구간 · 순위 하락,WATCH,medium,추가 관찰,밀키트은 네이버 21~200위권에서 관찰 중인 후보입니다. 추가 수집 후 반복 등장 여부를 확인해야 합니다.,processed,간편식/반찬,가공식품,N,,Top200_확장후보
2026-05-21,pm,rising,naver_top200,딸기,딸기,185,101-200,,,reentry,RE-ENTRY,N,Y,2026-05-19,pm,152.0,2.0,5,9,1,122,192,-33.0,NAVER_REENTRY,15.4,초기 관찰 구간 · 재진입 · 최근 7일 중 5일 등장,WATCH,high,추가 관찰,딸기은 네이버 21~200위권에서 관찰 중인 후보입니다. 추가 수집 후 반복 등장 여부를 확인해야 합니다.,agri,과일,농산물,N,,Top200_확장후보
2026-05-21,pm,rising,naver_top200,방울토마토,방울토마토,160,101-200,116.0,-44.0,down,▼ 44단계,N,N,2026-05-20,pm,116.0,1.0,6,12,6,66,195,-94.0,NAVER_WATCH,15.0,초기 관찰 구간 · 순위 하락 · 최근 7일 중 6일 등장 · 6일 연속 등장,WATCH,high,추가 관찰,방울토마토은 네이버 21~200위권에서 관찰 중인 후보입니다. 추가 수집 후 반복 등장 여부를 확인해야 합니다.,agri,과채류,농산물,N,,Top200_확장후보
2026-05-21,pm,rising,naver_top200,오트밀,오트밀,174,101-200,126.0,-48.0,down,▼ 48단계,N,N,2026-05-20,pm,126.0,1.0,6,13,5,41,174,-62.0,NAVER_WATCH,15.0,초기 관찰 구간 · 순위 하락 · 최근 7일 중 6일 등장 · 5일 연속 등장,WATCH,high,추가 관찰,오트밀은 네이버 21~200위권에서 관찰 중인 후보입니다. 추가 수집 후 반복 등장 여부를 확인해야 합니다.,processed,가공식품,가공식품,N,,Top200_확장후보
2026-05-21,pm,rising,naver_top200,냉면,냉면,181,101-200,71.0,-110.0,down,▼ 110단계,N,N,2026-05-20,pm,71.0,1.0,7,12,11,23,181,-140.0,NAVER_WATCH,15.0,초기 관찰 구간 · 순위 하락 · 최근 7일 중 7일 등장 · 11일 연속 등장,WATCH,high,추가 관찰,냉면은 네이버 21~200위권에서 관찰 중인 후보입니다. 추가 수집 후 반복 등장 여부를 확인해야 합니다.,processed,간편식/반찬,가공식품,N,,Top200_확장후보
2026-05-21,pm,rising,naver_top200,대게,대게,118,101-200,,,reentry,RE-ENTRY,N,Y,2026-05-16,pm,189.0,5.0,2,4,1,118,189,,NAVER_REENTRY,14.0,초기 관찰 구간 · 재진입,WATCH,medium,추가 관찰,대게은 네이버 21~200위권에서 관찰 중인 후보입니다. 추가 수집 후 반복 등장 여부를 확인해야 합니다.,seafood,갑각류,수산물,N,,Top200_확장후보
2026-05-21,pm,rising,naver_top200,과자,과자,132,101-200,,,new,NEW,Y,N,,,,,1,1,1,132,132,,NAVER_DETECTED,14.0,초기 관찰 구간 · 신규 진입,WATCH,low,추가 관찰,과자은 네이버 21~200위권에서 관찰 중인 후보입니다. 추가 수집 후 반복 등장 여부를 확인해야 합니다.,dessert,과자/간식,가공식품,N,,Top200_확장후보
2026-05-21,pm,rising,naver_top200,샤인머스켓,샤인머스켓,144,101-200,,,new,NEW,Y,N,,,,,1,1,1,144,144,,NAVER_DETECTED,14.0,초기 관찰 구간 · 신규 진입,WATCH,low,추가 관찰,샤인머스켓은 네이버 21~200위권에서 관찰 중인 후보입니다. 추가 수집 후 반복 등장 여부를 확인해야 합니다.,agri,과일,농산물,N,,Top200_확장후보
2026-05-21,pm,rising,naver_top200,멜론,멜론,146,101-200,,,new,NEW,Y,N,,,,,1,1,1,146,146,,NAVER_DETECTED,14.0,초기 관찰 구간 · 신규 진입,WATCH,low,추가 관찰,멜론은 네이버 21~200위권에서 관찰 중인 후보입니다. 추가 수집 후 반복 등장 여부를 확인해야 합니다.,agri,과일,농산물,N,,Top200_확장후보
2026-05-21,pm,rising,naver_top200,푸룬,푸룬,148,101-200,,,new,NEW,Y,N,,,,,1,1,1,148,148,,NAVER_DETECTED,14.0,초기 관찰 구간 · 신규 진입,WATCH,low,추가 관찰,푸룬은 네이버 21~200위권에서 관찰 중인 후보입니다. 추가 수집 후 반복 등장 여부를 확인해야 합니다.,agri,과일,농산물,N,,Top200_확장후보
2026-05-21,pm,rising,naver_top200,새우젓,새우젓,151,101-200,,,reentry,RE-ENTRY,N,Y,2026-05-17,pm,131.0,4.0,2,2,1,131,151,,NAVER_REENTRY,14.0,초기 관찰 구간 · 재진입,WATCH,medium,추가 관찰,새우젓은 네이버 21~200위권에서 관찰 중인 후보입니다. 추가 수집 후 반복 등장 여부를 확인해야 합니다.,seafood,갑각류,가공식품,N,,Top200_확장후보
2026-05-21,pm,rising,naver_top200,참소라,참소라,175,101-200,,,new,NEW,Y,N,,,,,1,1,1,175,175,,NAVER_DETECTED,14.0,초기 관찰 구간 · 신규 진입,WATCH,low,추가 관찰,참소라은 네이버 21~200위권에서 관찰 중인 후보입니다. 추가 수집 후 반복 등장 여부를 확인해야 합니다.,seafood,패류,수산물,N,,Top200_확장후보
2026-05-21,pm,rising,naver_top200,죽순,죽순,177,101-200,,,reentry,RE-ENTRY,N,Y,2026-05-18,pm,84.0,3.0,2,4,1,84,193,,NAVER_REENTRY,14.0,초기 관찰 구간 · 재진입,WATCH,medium,추가 관찰,죽순은 네이버 21~200위권에서 관찰 중인 후보입니다. 추가 수집 후 반복 등장 여부를 확인해야 합니다.,agri,농산물 원물,농산물,N,,Top200_확장후보
2026-05-21,pm,rising,naver_top200,스테이크,스테이크,183,101-200,,,new,NEW,Y,N,,,,,1,1,1,183,183,,NAVER_DETECTED,14.0,초기 관찰 구간 · 신규 진입,WATCH,low,추가 관찰,스테이크은 네이버 21~200위권에서 관찰 중인 후보입니다. 추가 수집 후 반복 등장 여부를 확인해야 합니다.,meat,소고기,축산물,N,,Top200_확장후보
2026-05-21,pm,rising,naver_top200,양꼬치,양꼬치,186,101-200,,,new,NEW,Y,N,,,,,1,1,1,186,186,,NAVER_DETECTED,14.0,초기 관찰 구간 · 신규 진입,WATCH,low,추가 관찰,양꼬치은 네이버 21~200위권에서 관찰 중인 후보입니다. 추가 수집 후 반복 등장 여부를 확인해야 합니다.,meat,축산물,축산물,N,,Top200_확장후보
2026-05-21,pm,rising,naver_top200,햇마늘,햇마늘,187,101-200,,,new,NEW,Y,N,,,,,1,1,1,187,187,,NAVER_DETECTED,14.0,초기 관찰 구간 · 신규 진입,WATCH,low,추가 관찰,햇마늘은 네이버 21~200위권에서 관찰 중인 후보입니다. 추가 수집 후 반복 등장 여부를 확인해야 합니다.,agri,뿌리채소,농산물,N,,Top200_확장후보
2026-05-21,pm,rising,naver_top200,메밀국수,메밀국수,193,101-200,,,new,NEW,Y,N,,,,,1,1,1,193,193,,NAVER_DETECTED,14.0,초기 관찰 구간 · 신규 진입,WATCH,low,추가 관찰,메밀국수은 네이버 21~200위권에서 관찰 중인 후보입니다. 추가 수집 후 반복 등장 여부를 확인해야 합니다.,processed,면류,가공식품,N,,Top200_확장후보
2026-05-21,pm,rising,naver_top200,새조개,새조개,194,101-200,,,reentry,RE-ENTRY,N,Y,2026-05-15,pm,145.0,6.0,2,5,1,84,194,,NAVER_REENTRY,14.0,초기 관찰 구간 · 재진입,WATCH,medium,추가 관찰,새조개은 네이버 21~200위권에서 관찰 중인 후보입니다. 추가 수집 후 반복 등장 여부를 확인해야 합니다.,seafood,패류,수산물,N,,Top200_확장후보
2026-05-21,pm,rising,naver_top200,신동진경기아끼바레쌀,신동진경기아끼바레쌀,196,101-200,,,new,NEW,Y,N,,,,,1,1,1,196,196,,NAVER_DETECTED,14.0,초기 관찰 구간 · 신규 진입,WATCH,low,추가 관찰,신동진경기아끼바레쌀은 네이버 21~200위권에서 관찰 중인 후보입니다. 추가 수집 후 반복 등장 여부를 확인해야 합니다.,grain,쌀,농산물,N,,Top200_확장후보
2026-05-21,pm,rising,naver_top200,토마토즙,토마토즙,189,101-200,,,reentry,RE-ENTRY,N,Y,2026-05-19,pm,167.0,2.0,3,3,1,164,189,-22.0,NAVER_REENTRY,13.6,초기 관찰 구간 · 재진입,WATCH,medium,추가 관찰,토마토즙은 네이버 21~200위권에서 관찰 중인 후보입니다. 추가 수집 후 반복 등장 여부를 확인해야 합니다.,agri,과채류,가공식품,N,,Top200_확장후보
2026-05-21,pm,rising,naver_top200,꿀,꿀,176,101-200,60.0,-116.0,down,▼ 116단계,N,N,2026-05-20,pm,60.0,1.0,4,6,3,60,176,-32.0,NAVER_WATCH,11.6,초기 관찰 구간 · 순위 하락 · 최근 7일 중 4일 등장 · 3일 연속 등장,WATCH,high,추가 관찰,꿀은 네이버 21~200위권에서 관찰 중인 후보입니다. 추가 수집 후 반복 등장 여부를 확인해야 합니다.,ingredient,감미료/청,농축산물,N,,Top200_확장후보
2026-05-21,pm,rising,naver_top200,홍어,홍어,145,101-200,,,reentry,RE-ENTRY,N,Y,2026-04-30,pm,134.0,21.0,1,1,1,145,145,,NAVER_REENTRY,10.0,초기 관찰 구간 · 재진입,WATCH,low,추가 관찰,홍어은 네이버 21~200위권에서 관찰 중인 후보입니다. 추가 수집 후 반복 등장 여부를 확인해야 합니다.,seafood,생선/수산물,수산물,N,,Top200_확장후보
2026-05-21,pm,rising,naver_top200,햇감자,햇감자,173,101-200,,,reentry,RE-ENTRY,N,Y,2026-05-12,pm,122.0,9.0,1,6,1,122,200,,NAVER_REENTRY,10.0,초기 관찰 구간 · 재진입,WATCH,low,추가 관찰,햇감자은 네이버 21~200위권에서 관찰 중인 후보입니다. 추가 수집 후 반복 등장 여부를 확인해야 합니다.,agri,뿌리채소,농산물,N,,Top200_확장후보
2026-05-21,pm,rising,naver_top200,망고스틴,망고스틴,162,101-200,,,reentry,RE-ENTRY,N,Y,2026-05-19,pm,134.0,2.0,2,2,1,134,162,-28.0,NAVER_REENTRY,8.4,초기 관찰 구간 · 재진입,WATCH,medium,추가 관찰,망고스틴은 네이버 21~200위권에서 관찰 중인 후보입니다. 추가 수집 후 반복 등장 여부를 확인해야 합니다.,agri,과일,농산물,N,,Top200_확장후보
2026-05-21,pm,rising,naver_top200,아보카도,아보카도,197,101-200,,,reentry,RE-ENTRY,N,Y,2026-05-19,pm,77.0,2.0,3,9,1,77,200,-120.0,NAVER_REENTRY,8.0,초기 관찰 구간 · 재진입,WATCH,medium,추가 관찰,아보카도은 네이버 21~200위권에서 관찰 중인 후보입니다. 추가 수집 후 반복 등장 여부를 확인해야 합니다.,agri,농산물 원물,농산물,N,,Top200_확장후보
2026-05-21,pm,rising,naver_top200,캠핑음식,캠핑음식,198,101-200,153.0,-45.0,down,▼ 45단계,N,N,2026-05-20,pm,153.0,1.0,4,4,4,90,198,-62.0,NAVER_WATCH,8.0,초기 관찰 구간 · 순위 하락 · 최근 7일 중 4일 등장 · 4일 연속 등장,WATCH,high,추가 관찰,캠핑음식은 네이버 21~200위권에서 관찰 중인 후보입니다. 추가 수집 후 반복 등장 여부를 확인해야 합니다.,processed,가공식품,가공식품,N,,Top200_확장후보
2026-05-21,pm,rising,naver_top200,갈비탕,갈비탕,190,101-200,92.0,-98.0,down,▼ 98단계,N,N,2026-05-20,pm,92.0,1.0,3,6,3,92,190,-60.0,NAVER_WATCH,4.0,초기 관찰 구간 · 순위 하락 · 3일 연속 등장,WATCH,high,추가 관찰,갈비탕은 네이버 21~200위권에서 관찰 중인 후보입니다. 추가 수집 후 반복 등장 여부를 확인해야 합니다.,processed,가공식품,가공식품,N,,Top200_확장후보
2026-05-21,pm,rising,naver_top200,킹크랩,킹크랩,188,101-200,140.0,-48.0,down,▼ 48단계,N,N,2026-05-20,pm,140.0,1.0,2,6,2,59,200,-48.0,NAVER_WATCH,0.0,초기 관찰 구간 · 순위 하락,WATCH,medium,추가 관찰,킹크랩은 네이버 21~200위권에서 관찰 중인 후보입니다. 추가 수집 후 반복 등장 여부를 확인해야 합니다.,seafood,갑각류,수산물,N,,Top200_확장후보
2026-05-21,pm,rising,naver_top200,뉴케어구수한맛,뉴케어구수한맛,22,21-50,39.0,17.0,up,▲ 17단계,N,N,2026-05-20,pm,39.0,1.0,6,13,6,22,57,16.0,EXCLUDED,0.0,기회 판단 제외 상품입니다.,EXCLUDED,high,판단 제외,뉴케어구수한맛은 초기 관찰 후보입니다. 최근 3일 기준 16단계 상승 흐름이 확인됩니다.,brand,브랜드/완제품,브랜드_완제품,Y,,21~50_전량수집
2026-05-21,pm,rising,naver_top200,찹쌀누룽지과자,찹쌀누룽지과자,24,21-50,26.0,2.0,up,▲ 2단계,N,N,2026-05-20,pm,26.0,1.0,6,11,5,22,37,-2.0,EXCLUDED,0.0,기회 판단 제외 상품입니다.,EXCLUDED,high,판단 제외,찹쌀누룽지과자은 네이버 21~200위권에서 관찰 중인 후보입니다. 추가 수집 후 반복 등장 여부를 확인해야 합니다.,dessert,과자/간식,브랜드_완제품,Y,,21~50_전량수집
2026-05-21,pm,rising,naver_top200,루테인,루테인,25,21-50,23.0,-2.0,down,▼ 2단계,N,N,2026-05-20,pm,23.0,1.0,7,11,7,21,33,8.0,EXCLUDED,0.0,기회 판단 제외 상품입니다.,EXCLUDED,high,판단 제외,루테인은 초기 관찰 후보입니다. 최근 3일 기준 8단계 상승 흐름이 확인됩니다.,health,영양제,건강식품,Y,,21~50_전량수집
2026-05-21,pm,rising,naver_top200,카무트효소,카무트효소,26,21-50,21.0,-5.0,down,▼ 5단계,N,N,2026-05-20,pm,21.0,1.0,5,11,5,21,95,46.0,EXCLUDED,0.0,기회 판단 제외 상품입니다.,EXCLUDED,high,판단 제외,카무트효소은 초기 관찰 후보입니다. 최근 3일 기준 46단계 상승 흐름이 확인됩니다.,health,건강식품,건강식품,Y,,21~50_전량수집
2026-05-21,pm,rising,naver_top200,포켓몬빵,포켓몬빵,27,21-50,47.0,20.0,up,▲ 20단계,N,N,2026-05-20,pm,47.0,1.0,7,14,18,21,48,15.0,EXCLUDED,0.0,기회 판단 제외 상품입니다.,EXCLUDED,high,판단 제외,포켓몬빵은 초기 관찰 후보입니다. 최근 3일 기준 15단계 상승 흐름이 확인됩니다.,dessert,베이커리/디저트,브랜드_완제품,Y,,21~50_전량수집
2026-05-21,pm,rising,naver_top200,탄산수,탄산수,28,21-50,31.0,3.0,up,▲ 3단계,N,N,2026-05-20,pm,31.0,1.0,2,7,2,23,37,3.0,EXCLUDED,0.0,기회 판단 제외 상품입니다.,EXCLUDED,medium,판단 제외,탄산수은 초기 관찰 후보입니다. 최근 3일 기준 3단계 상승 흐름이 확인됩니다.,processed,음료/차류,브랜드_완제품,Y,,21~50_전량수집
2026-05-21,pm,rising,naver_top200,파라다이스그레인,파라다이스그레인,35,21-50,40.0,5.0,up,▲ 5단계,N,N,2026-05-20,pm,40.0,1.0,5,9,2,35,97,5.0,EXCLUDED,0.0,기회 판단 제외 상품입니다.,EXCLUDED,high,판단 제외,파라다이스그레인은 초기 관찰 후보입니다. 최근 3일 기준 5단계 상승 흐름이 확인됩니다.,health,건강식품,건강식품,Y,,21~50_전량수집
2026-05-21,pm,rising,naver_top200,야채도사,야채도사,37,21-50,42.0,5.0,up,▲ 5단계,N,N,2026-05-20,pm,42.0,1.0,7,14,18,37,180,7.0,EXCLUDED,0.0,기회 판단 제외 상품입니다.,EXCLUDED,high,판단 제외,야채도사은 초기 관찰 후보입니다. 최근 3일 기준 7단계 상승 흐름이 확인됩니다.,brand,브랜드/완제품,브랜드_완제품,Y,,21~50_전량수집
2026-05-21,pm,rising,naver_top200,맥심모카골드,맥심모카골드,38,21-50,30.0,-8.0,down,▼ 8단계,N,N,2026-05-20,pm,30.0,1.0,7,14,15,22,75,12.0,EXCLUDED,0.0,기회 판단 제외 상품입니다.,EXCLUDED,high,판단 제외,맥심모카골드은 초기 관찰 후보입니다. 최근 3일 기준 12단계 상승 흐름이 확인됩니다.,processed,가공식품,브랜드_완제품,Y,,21~50_전량수집
2026-05-21,pm,rising,naver_top200,두유,두유,39,21-50,41.0,2.0,up,▲ 2단계,N,N,2026-05-20,pm,41.0,1.0,7,13,9,21,50,-13.0,EXCLUDED,0.0,기회 판단 제외 상품입니다.,EXCLUDED,high,판단 제외,두유은 네이버 21~200위권에서 관찰 중인 후보입니다. 추가 수집 후 반복 등장 여부를 확인해야 합니다.,processed,음료/차류,브랜드_완제품,Y,,21~50_전량수집
2026-05-21,pm,rising,naver_top200,콘드로이친,콘드로이친,42,21-50,36.0,-6.0,down,▼ 6단계,N,N,2026-05-20,pm,36.0,1.0,4,4,4,21,42,-21.0,EXCLUDED,0.0,기회 판단 제외 상품입니다.,EXCLUDED,high,판단 제외,콘드로이친은 네이버 21~200위권에서 관찰 중인 후보입니다. 추가 수집 후 반복 등장 여부를 확인해야 합니다.,health,건강식품,건강식품,Y,,21~50_전량수집
2026-05-21,pm,rising,naver_top200,비타민c,비타민c,43,21-50,35.0,-8.0,down,▼ 8단계,N,N,2026-05-20,pm,35.0,1.0,6,13,6,21,43,-18.0,EXCLUDED,0.0,기회 판단 제외 상품입니다.,EXCLUDED,high,판단 제외,비타민c은 네이버 21~200위권에서 관찰 중인 후보입니다. 추가 수집 후 반복 등장 여부를 확인해야 합니다.,health,영양제,건강식품,Y,,21~50_전량수집
2026-05-21,pm,rising,naver_top200,알부민,알부민,44,21-50,56.0,12.0,up,▲ 12단계,N,N,2026-05-20,pm,56.0,1.0,7,14,18,34,107,8.0,EXCLUDED,0.0,기회 판단 제외 상품입니다.,EXCLUDED,high,판단 제외,알부민은 초기 관찰 후보입니다. 최근 3일 기준 8단계 상승 흐름이 확인됩니다.,health,단백질/근육,건강식품,Y,,21~50_전량수집
2026-05-21,pm,rising,naver_top200,하루견과,하루견과,45,21-50,49.0,4.0,up,▲ 4단계,N,N,2026-05-20,pm,49.0,1.0,7,14,29,35,80,-5.0,EXCLUDED,0.0,기회 판단 제외 상품입니다.,EXCLUDED,high,판단 제외,하루견과은 네이버 21~200위권에서 관찰 중인 후보입니다. 추가 수집 후 반복 등장 여부를 확인해야 합니다.,brand,브랜드/완제품,브랜드_완제품,Y,,21~50_전량수집
2026-05-21,pm,rising,naver_top200,멸균우유,멸균우유,46,21-50,34.0,-12.0,down,▼ 12단계,N,N,2026-05-20,pm,34.0,1.0,7,14,20,26,52,-16.0,EXCLUDED,0.0,기회 판단 제외 상품입니다.,EXCLUDED,high,판단 제외,멸균우유은 네이버 21~200위권에서 관찰 중인 후보입니다. 추가 수집 후 반복 등장 여부를 확인해야 합니다.,processed,음료/차류,브랜드_완제품,Y,,21~50_전량수집
2026-05-21,pm,rising,naver_top200,밀크씨슬,밀크씨슬,48,21-50,44.0,-4.0,down,▼ 4단계,N,N,2026-05-20,pm,44.0,1.0,7,14,29,40,139,16.0,EXCLUDED,0.0,기회 판단 제외 상품입니다.,EXCLUDED,high,판단 제외,밀크씨슬은 초기 관찰 후보입니다. 최근 3일 기준 16단계 상승 흐름이 확인됩니다.,health,영양제,건강식품,Y,,21~50_전량수집
2026-05-21,pm,rising,naver_top200,커큐민,커큐민,53,51-100,133.0,80.0,up,▲ 80단계,N,N,2026-05-20,pm,133.0,1.0,7,14,15,53,179,42.0,EXCLUDED,0.0,기회 판단 제외 상품입니다.,EXCLUDED,high,판단 제외,커큐민은 초기 관찰 후보입니다. 최근 3일 기준 42단계 상승 흐름이 확인됩니다.,health,영양제,건강식품,Y,,Top200_확장후보
2026-05-21,pm,rising,naver_top200,프로폴리스,프로폴리스,55,51-100,58.0,3.0,up,▲ 3단계,N,N,2026-05-20,pm,58.0,1.0,7,14,29,55,103,15.0,EXCLUDED,0.0,기회 판단 제외 상품입니다.,EXCLUDED,high,판단 제외,프로폴리스은 초기 관찰 후보입니다. 최근 3일 기준 15단계 상승 흐름이 확인됩니다.,health,영양제,건강식품,Y,,Top200_확장후보
2026-05-21,pm,rising,naver_top200,샤오커오라사탕,샤오커오라사탕,58,51-100,65.0,7.0,up,▲ 7단계,N,N,2026-05-20,pm,65.0,1.0,7,14,29,34,104,-2.0,EXCLUDED,0.0,기회 판단 제외 상품입니다.,EXCLUDED,high,판단 제외,샤오커오라사탕은 네이버 21~200위권에서 관찰 중인 후보입니다. 추가 수집 후 반복 등장 여부를 확인해야 합니다.,brand,브랜드/완제품,브랜드_완제품,Y,,Top200_확장후보
2026-05-21,pm,rising,naver_top200,명가삼대떡집,명가삼대떡집,60,51-100,169.0,109.0,up,▲ 109단계,N,N,2026-05-20,pm,169.0,1.0,7,14,18,54,176,85.0,EXCLUDED,0.0,기회 판단 제외 상품입니다.,EXCLUDED,high,판단 제외,명가삼대떡집은 초기 관찰 후보입니다. 최근 3일 기준 85단계 상승 흐름이 확인됩니다.,dessert,떡,브랜드_완제품,Y,,Top200_확장후보
2026-05-21,pm,rising,naver_top200,베르베린,베르베린,61,51-100,170.0,109.0,up,▲ 109단계,N,N,2026-05-20,pm,170.0,1.0,7,11,10,61,176,76.0,EXCLUDED,0.0,기회 판단 제외 상품입니다.,EXCLUDED,high,판단 제외,베르베린은 초기 관찰 후보입니다. 최근 3일 기준 76단계 상승 흐름이 확인됩니다.,health,건강식품,건강식품,Y,,Top200_확장후보
2026-05-21,pm,rising,naver_top200,촉촉한황치즈칩,촉촉한황치즈칩,65,51-100,62.0,-3.0,down,▼ 3단계,N,N,2026-05-20,pm,62.0,1.0,7,14,16,36,81,-4.0,EXCLUDED,0.0,기회 판단 제외 상품입니다.,EXCLUDED,high,판단 제외,촉촉한황치즈칩은 네이버 21~200위권에서 관찰 중인 후보입니다. 추가 수집 후 반복 등장 여부를 확인해야 합니다.,brand,브랜드/완제품,브랜드_완제품,Y,,Top200_확장후보
2026-05-21,pm,rising,naver_top200,뼈엔엠비피mbp,뼈엔엠비피mbp,70,51-100,80.0,10.0,up,▲ 10단계,N,N,2026-05-20,pm,80.0,1.0,5,12,2,34,150,10.0,EXCLUDED,0.0,기회 판단 제외 상품입니다.,EXCLUDED,high,판단 제외,뼈엔엠비피mbp은 초기 관찰 후보입니다. 최근 3일 기준 10단계 상승 흐름이 확인됩니다.,health,단백질/근육,브랜드_완제품,Y,,Top200_확장후보
2026-05-21,pm,rising,naver_top200,비에날17유산균,비에날17유산균,72,51-100,120.0,48.0,up,▲ 48단계,N,N,2026-05-20,pm,120.0,1.0,7,14,29,60,161,89.0,EXCLUDED,0.0,기회 판단 제외 상품입니다.,EXCLUDED,high,판단 제외,비에날17유산균은 초기 관찰 후보입니다. 최근 3일 기준 89단계 상승 흐름이 확인됩니다.,health,유산균,건강식품,Y,,Top200_확장후보
2026-05-21,pm,rising,naver_top200,포스파티딜세린,포스파티딜세린,76,51-100,78.0,2.0,up,▲ 2단계,N,N,2026-05-20,pm,78.0,1.0,7,14,28,33,179,-22.0,EXCLUDED,0.0,기회 판단 제외 상품입니다.,EXCLUDED,high,판단 제외,포스파티딜세린은 네이버 21~200위권에서 관찰 중인 후보입니다. 추가 수집 후 반복 등장 여부를 확인해야 합니다.,health,건강식품,건강식품,Y,,Top200_확장후보
2026-05-21,pm,rising,naver_top200,단백질쉐이크,단백질쉐이크,77,51-100,52.0,-25.0,down,▼ 25단계,N,N,2026-05-20,pm,52.0,1.0,7,14,29,39,143,16.0,EXCLUDED,0.0,기회 판단 제외 상품입니다.,EXCLUDED,high,판단 제외,단백질쉐이크은 초기 관찰 후보입니다. 최근 3일 기준 16단계 상승 흐름이 확인됩니다.,health,단백질/근육,브랜드_완제품,Y,,Top200_확장후보
2026-05-21,pm,rising,naver_top200,카누,카누,78,51-100,85.0,7.0,up,▲ 7단계,N,N,2026-05-20,pm,85.0,1.0,6,13,5,68,177,5.0,EXCLUDED,0.0,기회 판단 제외 상품입니다.,EXCLUDED,high,판단 제외,카누은 초기 관찰 후보입니다. 최근 3일 기준 5단계 상승 흐름이 확인됩니다.,processed,음료/차류,브랜드_완제품,Y,,Top200_확장후보
2026-05-21,pm,rising,naver_top200,bnr17유산균,bnr17유산균,79,51-100,94.0,15.0,up,▲ 15단계,N,N,2026-05-20,pm,94.0,1.0,6,12,3,31,137,44.0,EXCLUDED,0.0,기회 판단 제외 상품입니다.,EXCLUDED,high,판단 제외,bnr17유산균은 초기 관찰 후보입니다. 최근 3일 기준 44단계 상승 흐름이 확인됩니다.,health,유산균,brand,Y,,Top200_확장후보
2026-05-21,pm,rising,naver_top200,단백질음료,단백질음료,82,51-100,104.0,22.0,up,▲ 22단계,N,N,2026-05-20,pm,104.0,1.0,7,14,27,48,161,-20.0,EXCLUDED,0.0,기회 판단 제외 상품입니다.,EXCLUDED,high,판단 제외,단백질음료은 네이버 21~200위권에서 관찰 중인 후보입니다. 추가 수집 후 반복 등장 여부를 확인해야 합니다.,health,단백질/근육,브랜드_완제품,Y,,Top200_확장후보
2026-05-21,pm,rising,naver_top200,멜라토닌,멜라토닌,86,51-100,,,reentry,RE-ENTRY,N,Y,2026-05-19,pm,63.0,2.0,6,13,1,42,102,-23.0,EXCLUDED,0.0,기회 판단 제외 상품입니다.,EXCLUDED,high,판단 제외,멜라토닌은 네이버 21~200위권에서 관찰 중인 후보입니다. 추가 수집 후 반복 등장 여부를 확인해야 합니다.,health,건강식품,건강식품,Y,,Top200_확장후보
2026-05-21,pm,rising,naver_top200,삼다수,삼다수,88,51-100,84.0,-4.0,down,▼ 4단계,N,N,2026-05-20,pm,84.0,1.0,7,14,29,36,108,-52.0,EXCLUDED,0.0,기회 판단 제외 상품입니다.,EXCLUDED,high,판단 제외,삼다수은 네이버 21~200위권에서 관찰 중인 후보입니다. 추가 수집 후 반복 등장 여부를 확인해야 합니다.,brand,브랜드/완제품,브랜드_완제품,Y,,Top200_확장후보
2026-05-21,pm,rising,naver_top200,햇반,햇반,89,51-100,83.0,-6.0,down,▼ 6단계,N,N,2026-05-20,pm,83.0,1.0,7,14,29,46,161,-16.0,EXCLUDED,0.0,기회 판단 제외 상품입니다.,EXCLUDED,high,판단 제외,햇반은 네이버 21~200위권에서 관찰 중인 후보입니다. 추가 수집 후 반복 등장 여부를 확인해야 합니다.,processed,간편식/반찬,브랜드_완제품,Y,,Top200_확장후보
2026-05-21,pm,rising,naver_top200,알파cd,알파cd,91,51-100,81.0,-10.0,down,▼ 10단계,N,N,2026-05-20,pm,81.0,1.0,7,11,10,31,197,-60.0,EXCLUDED,0.0,기회 판단 제외 상품입니다.,EXCLUDED,high,판단 제외,알파cd은 네이버 21~200위권에서 관찰 중인 후보입니다. 추가 수집 후 반복 등장 여부를 확인해야 합니다.,health,건강식품,건강식품,Y,,Top200_확장후보
2026-05-21,pm,rising,naver_top200,삼원가든우거지탕,삼원가든우거지탕,95,51-100,,,new,NEW,Y,N,,,,,1,1,1,95,95,,EXCLUDED,0.0,기회 판단 제외 상품입니다.,EXCLUDED,low,판단 제외,삼원가든우거지탕은 네이버 21~200위권에서 관찰 중인 후보입니다. 추가 수집 후 반복 등장 여부를 확인해야 합니다.,processed,간편식/반찬,브랜드_완제품,Y,,Top200_확장후보
2026-05-21,pm,rising,naver_top200,컵라면,컵라면,97,51-100,127.0,30.0,up,▲ 30단계,N,N,2026-05-20,pm,127.0,1.0,4,9,4,92,192,30.0,EXCLUDED,0.0,기회 판단 제외 상품입니다.,EXCLUDED,high,판단 제외,컵라면은 초기 관찰 후보입니다. 최근 3일 기준 30단계 상승 흐름이 확인됩니다.,processed,간편식/반찬,브랜드_완제품,Y,,Top200_확장후보
2026-05-21,pm,rising,naver_top200,조선호텔김치,조선호텔김치,99,51-100,64.0,-35.0,down,▼ 35단계,N,N,2026-05-20,pm,64.0,1.0,7,14,29,38,131,27.0,EXCLUDED,0.0,기회 판단 제외 상품입니다.,EXCLUDED,high,판단 제외,조선호텔김치은 초기 관찰 후보입니다. 최근 3일 기준 27단계 상승 흐름이 확인됩니다.,processed,김치/절임,브랜드_완제품,Y,,Top200_확장후보
2026-05-21,pm,rising,naver_top200,cca주스,cca주스,101,101-200,,,reentry,RE-ENTRY,N,Y,2026-05-19,pm,172.0,2.0,6,11,1,76,200,71.0,EXCLUDED,0.0,기회 판단 제외 상품입니다.,EXCLUDED,high,판단 제외,cca주스은 초기 관찰 후보입니다. 최근 3일 기준 71단계 상승 흐름이 확인됩니다.,processed,음료/차류,brand,Y,,Top200_확장후보
2026-05-21,pm,rising,naver_top200,락토핏유산균,락토핏유산균,105,101-200,89.0,-16.0,down,▼ 16단계,N,N,2026-05-20,pm,89.0,1.0,7,14,29,76,160,26.0,EXCLUDED,0.0,기회 판단 제외 상품입니다.,EXCLUDED,high,판단 제외,락토핏유산균은 초기 관찰 후보입니다. 최근 3일 기준 26단계 상승 흐름이 확인됩니다.,health,유산균,브랜드_완제품,Y,,Top200_확장후보
2026-05-21,pm,rising,naver_top200,삼다수2l,삼다수2l,108,101-200,,,reentry,RE-ENTRY,N,Y,2026-05-19,pm,150.0,2.0,6,11,1,68,183,42.0,EXCLUDED,0.0,기회 판단 제외 상품입니다.,EXCLUDED,high,판단 제외,삼다수2l은 초기 관찰 후보입니다. 최근 3일 기준 42단계 상승 흐름이 확인됩니다.,brand,브랜드/완제품,브랜드_완제품,Y,,Top200_확장후보
2026-05-21,pm,rising,naver_top200,애사비,애사비,111,101-200,142.0,31.0,up,▲ 31단계,N,N,2026-05-20,pm,142.0,1.0,7,11,9,46,146,-65.0,EXCLUDED,0.0,기회 판단 제외 상품입니다.,EXCLUDED,high,판단 제외,애사비은 네이버 21~200위권에서 관찰 중인 후보입니다. 추가 수집 후 반복 등장 여부를 확인해야 합니다.,health,건강식품,브랜드_완제품,Y,,Top200_확장후보
2026-05-21,pm,rising,naver_top200,글루타치온,글루타치온,112,101-200,,,reentry,RE-ENTRY,N,Y,2026-05-17,pm,98.0,4.0,3,7,1,92,181,,EXCLUDED,0.0,기회 판단 제외 상품입니다.,EXCLUDED,medium,판단 제외,글루타치온은 네이버 21~200위권에서 관찰 중인 후보입니다. 추가 수집 후 반복 등장 여부를 확인해야 합니다.,health,건강식품,건강식품,Y,,Top200_확장후보
2026-05-21,pm,rising,naver_top200,그린아세로라,그린아세로라,113,101-200,,,reentry,RE-ENTRY,N,Y,2026-05-16,pm,65.0,5.0,2,2,1,65,113,,EXCLUDED,0.0,기회 판단 제외 상품입니다.,EXCLUDED,medium,판단 제외,그린아세로라은 네이버 21~200위권에서 관찰 중인 후보입니다. 추가 수집 후 반복 등장 여부를 확인해야 합니다.,health,건강식품,건강식품,Y,,Top200_확장후보
2026-05-21,pm,rising,naver_top200,전투식량,전투식량,114,101-200,147.0,33.0,up,▲ 33단계,N,N,2026-05-20,pm,147.0,1.0,3,7,2,114,191,33.0,EXCLUDED,0.0,기회 판단 제외 상품입니다.,EXCLUDED,medium,판단 제외,전투식량은 초기 관찰 후보입니다. 최근 3일 기준 33단계 상승 흐름이 확인됩니다.,brand,브랜드/완제품,브랜드_완제품,Y,,Top200_확장후보
2026-05-21,pm,rising,naver_top200,정관장에브리타임,정관장에브리타임,115,101-200,132.0,17.0,up,▲ 17단계,N,N,2026-05-20,pm,132.0,1.0,7,14,29,50,144,20.0,EXCLUDED,0.0,기회 판단 제외 상품입니다.,EXCLUDED,high,판단 제외,정관장에브리타임은 초기 관찰 후보입니다. 최근 3일 기준 20단계 상승 흐름이 확인됩니다.,health,건강진액,브랜드_완제품,Y,,Top200_확장후보
2026-05-21,pm,rising,naver_top200,질유산균,질유산균,116,101-200,59.0,-57.0,down,▼ 57단계,N,N,2026-05-20,pm,59.0,1.0,5,12,3,59,186,0.0,EXCLUDED,0.0,기회 판단 제외 상품입니다.,EXCLUDED,high,판단 제외,질유산균은 네이버 21~200위권에서 관찰 중인 후보입니다. 추가 수집 후 반복 등장 여부를 확인해야 합니다.,health,유산균,건강식품,Y,,Top200_확장후보
2026-05-21,pm,rising,naver_top200,콘드로이친1200,콘드로이친1200,117,101-200,69.0,-48.0,down,▼ 48단계,N,N,2026-05-20,pm,69.0,1.0,7,14,29,37,145,22.0,EXCLUDED,0.0,기회 판단 제외 상품입니다.,EXCLUDED,high,판단 제외,콘드로이친1200은 초기 관찰 후보입니다. 최근 3일 기준 22단계 상승 흐름이 확인됩니다.,health,건강식품,건강식품,Y,,Top200_확장후보
2026-05-21,pm,rising,naver_top200,멀티비타민,멀티비타민,119,101-200,157.0,38.0,up,▲ 38단계,N,N,2026-05-20,pm,157.0,1.0,7,14,14,60,170,-23.0,EXCLUDED,0.0,기회 판단 제외 상품입니다.,EXCLUDED,high,판단 제외,멀티비타민은 네이버 21~200위권에서 관찰 중인 후보입니다. 추가 수집 후 반복 등장 여부를 확인해야 합니다.,health,영양제,건강식품,Y,,Top200_확장후보
2026-05-21,pm,rising,naver_top200,콜레스컷부스터,콜레스컷부스터,121,101-200,102.0,-19.0,down,▼ 19단계,N,N,2026-05-20,pm,102.0,1.0,2,2,2,102,121,-19.0,EXCLUDED,0.0,기회 판단 제외 상품입니다.,EXCLUDED,medium,판단 제외,콜레스컷부스터은 네이버 21~200위권에서 관찰 중인 후보입니다. 추가 수집 후 반복 등장 여부를 확인해야 합니다.,health,건강식품,브랜드_완제품,Y,,Top200_확장후보
2026-05-21,pm,rising,naver_top200,포카리스웨트,포카리스웨트,122,101-200,75.0,-47.0,down,▼ 47단계,N,N,2026-05-20,pm,75.0,1.0,7,14,16,34,180,-53.0,EXCLUDED,0.0,기회 판단 제외 상품입니다.,EXCLUDED,high,판단 제외,포카리스웨트은 네이버 21~200위권에서 관찰 중인 후보입니다. 추가 수집 후 반복 등장 여부를 확인해야 합니다.,processed,가공식품,브랜드_완제품,Y,,Top200_확장후보
2026-05-21,pm,rising,naver_top200,빅토리아탄산수,빅토리아탄산수,126,101-200,130.0,4.0,up,▲ 4단계,N,N,2026-05-20,pm,130.0,1.0,7,12,8,73,172,-28.0,EXCLUDED,0.0,기회 판단 제외 상품입니다.,EXCLUDED,high,판단 제외,빅토리아탄산수은 네이버 21~200위권에서 관찰 중인 후보입니다. 추가 수집 후 반복 등장 여부를 확인해야 합니다.,processed,음료/차류,브랜드_완제품,Y,,Top200_확장후보
2026-05-21,pm,rising,naver_top200,고려은단비타민c1000,고려은단비타민c1000,129,101-200,136.0,7.0,up,▲ 7단계,N,N,2026-05-20,pm,136.0,1.0,7,14,29,112,171,13.0,EXCLUDED,0.0,기회 판단 제외 상품입니다.,EXCLUDED,high,판단 제외,고려은단비타민c1000은 초기 관찰 후보입니다. 최근 3일 기준 13단계 상승 흐름이 확인됩니다.,health,영양제,브랜드_완제품,Y,,Top200_확장후보
2026-05-21,pm,rising,naver_top200,구강유산균,구강유산균,133,101-200,134.0,1.0,up,▲ 1단계,N,N,2026-05-20,pm,134.0,1.0,6,12,6,79,158,25.0,EXCLUDED,0.0,기회 판단 제외 상품입니다.,EXCLUDED,high,판단 제외,구강유산균은 초기 관찰 후보입니다. 최근 3일 기준 25단계 상승 흐름이 확인됩니다.,health,유산균,건강식품,Y,,Top200_확장후보
2026-05-21,pm,rising,naver_top200,생수500,생수500,135,101-200,,,reentry,RE-ENTRY,N,Y,2026-05-19,pm,97.0,2.0,6,13,1,58,199,-38.0,EXCLUDED,0.0,기회 판단 제외 상품입니다.,EXCLUDED,high,판단 제외,생수500은 네이버 21~200위권에서 관찰 중인 후보입니다. 추가 수집 후 반복 등장 여부를 확인해야 합니다.,processed,음료/차류,브랜드_완제품,Y,,Top200_확장후보
2026-05-21,pm,rising,naver_top200,맥심화이트골드,맥심화이트골드,139,101-200,90.0,-49.0,down,▼ 49단계,N,N,2026-05-20,pm,90.0,1.0,5,12,4,72,200,57.0,EXCLUDED,0.0,기회 판단 제외 상품입니다.,EXCLUDED,high,판단 제외,맥심화이트골드은 초기 관찰 후보입니다. 최근 3일 기준 57단계 상승 흐름이 확인됩니다.,processed,가공식품,브랜드_완제품,Y,,Top200_확장후보
2026-05-21,pm,rising,naver_top200,이클립스,이클립스,143,101-200,180.0,37.0,up,▲ 37단계,N,N,2026-05-20,pm,180.0,1.0,7,14,29,57,180,8.0,EXCLUDED,0.0,기회 판단 제외 상품입니다.,EXCLUDED,high,판단 제외,이클립스은 초기 관찰 후보입니다. 최근 3일 기준 8단계 상승 흐름이 확인됩니다.,brand,브랜드/완제품,브랜드_완제품,Y,,Top200_확장후보
2026-05-21,pm,rising,naver_top200,아르기닌,아르기닌,147,101-200,98.0,-49.0,down,▼ 49단계,N,N,2026-05-20,pm,98.0,1.0,7,14,18,94,194,-45.0,EXCLUDED,0.0,기회 판단 제외 상품입니다.,EXCLUDED,high,판단 제외,아르기닌은 네이버 21~200위권에서 관찰 중인 후보입니다. 추가 수집 후 반복 등장 여부를 확인해야 합니다.,health,건강식품,건강식품,Y,,Top200_확장후보
2026-05-21,pm,rising,naver_top200,비타민d,비타민d,149,101-200,91.0,-58.0,down,▼ 58단계,N,N,2026-05-20,pm,91.0,1.0,7,12,9,70,161,0.0,EXCLUDED,0.0,기회 판단 제외 상품입니다.,EXCLUDED,high,판단 제외,비타민d은 네이버 21~200위권에서 관찰 중인 후보입니다. 추가 수집 후 반복 등장 여부를 확인해야 합니다.,health,영양제,건강식품,Y,,Top200_확장후보
2026-05-21,pm,rising,naver_top200,구강유산균m18,구강유산균m18,150,101-200,86.0,-64.0,down,▼ 64단계,N,N,2026-05-20,pm,86.0,1.0,5,6,3,42,176,-64.0,EXCLUDED,0.0,기회 판단 제외 상품입니다.,EXCLUDED,high,판단 제외,구강유산균m18은 네이버 21~200위권에서 관찰 중인 후보입니다. 추가 수집 후 반복 등장 여부를 확인해야 합니다.,health,유산균,건강식품,Y,,Top200_확장후보
2026-05-21,pm,rising,naver_top200,루테인지아잔틴,루테인지아잔틴,156,101-200,184.0,28.0,up,▲ 28단계,N,N,2026-05-20,pm,184.0,1.0,7,14,26,66,193,37.0,EXCLUDED,0.0,기회 판단 제외 상품입니다.,EXCLUDED,high,판단 제외,루테인지아잔틴은 초기 관찰 후보입니다. 최근 3일 기준 37단계 상승 흐름이 확인됩니다.,health,영양제,브랜드_완제품,Y,,Top200_확장후보
2026-05-21,pm,rising,naver_top200,뉴케어당플랜,뉴케어당플랜,157,101-200,,,reentry,RE-ENTRY,N,Y,2026-05-18,pm,179.0,3.0,5,11,1,101,198,,EXCLUDED,0.0,기회 판단 제외 상품입니다.,EXCLUDED,high,판단 제외,뉴케어당플랜은 네이버 21~200위권에서 관찰 중인 후보입니다. 추가 수집 후 반복 등장 여부를 확인해야 합니다.,brand,브랜드/완제품,브랜드_완제품,Y,,Top200_확장후보
2026-05-21,pm,rising,naver_top200,조니워커블루라벨,조니워커블루라벨,158,101-200,,,new,NEW,Y,N,,,,,1,1,1,158,158,,EXCLUDED,0.0,기회 판단 제외 상품입니다.,EXCLUDED,low,판단 제외,조니워커블루라벨은 네이버 21~200위권에서 관찰 중인 후보입니다. 추가 수집 후 반복 등장 여부를 확인해야 합니다.,brand,브랜드/완제품,브랜드_완제품,Y,,Top200_확장후보
2026-05-21,pm,rising,naver_top200,곤약젤리,곤약젤리,164,101-200,176.0,12.0,up,▲ 12단계,N,N,2026-05-20,pm,176.0,1.0,2,2,2,164,176,12.0,EXCLUDED,0.0,기회 판단 제외 상품입니다.,EXCLUDED,medium,판단 제외,곤약젤리은 초기 관찰 후보입니다. 최근 3일 기준 12단계 상승 흐름이 확인됩니다.,dessert,간식/디저트,브랜드_완제품,Y,,Top200_확장후보
2026-05-21,pm,rising,naver_top200,믹스커피,믹스커피,165,101-200,,,reentry,RE-ENTRY,N,Y,2026-05-16,pm,195.0,5.0,2,4,1,164,195,,EXCLUDED,0.0,기회 판단 제외 상품입니다.,EXCLUDED,medium,판단 제외,믹스커피은 네이버 21~200위권에서 관찰 중인 후보입니다. 추가 수집 후 반복 등장 여부를 확인해야 합니다.,processed,음료/차류,브랜드_완제품,Y,,Top200_확장후보
2026-05-21,pm,rising,naver_top200,순수한둠비,순수한둠비,168,101-200,188.0,20.0,up,▲ 20단계,N,N,2026-05-20,pm,188.0,1.0,2,2,2,168,188,20.0,EXCLUDED,0.0,기회 판단 제외 상품입니다.,EXCLUDED,medium,판단 제외,순수한둠비은 초기 관찰 후보입니다. 최근 3일 기준 20단계 상승 흐름이 확인됩니다.,processed,간편식/반찬,브랜드_완제품,Y,,Top200_확장후보
2026-05-21,pm,rising,naver_top200,아이스크림,아이스크림,169,101-200,162.0,-7.0,down,▼ 7단계,N,N,2026-05-20,pm,162.0,1.0,7,9,8,47,169,-116.0,EXCLUDED,0.0,기회 판단 제외 상품입니다.,EXCLUDED,high,판단 제외,아이스크림은 네이버 21~200위권에서 관찰 중인 후보입니다. 추가 수집 후 반복 등장 여부를 확인해야 합니다.,dessert,간식/디저트,브랜드_완제품,Y,,Top200_확장후보
2026-05-21,pm,rising,naver_top200,커피믹스,커피믹스,170,101-200,135.0,-35.0,down,▼ 35단계,N,N,2026-05-20,pm,135.0,1.0,5,12,2,107,171,-35.0,EXCLUDED,0.0,기회 판단 제외 상품입니다.,EXCLUDED,high,판단 제외,커피믹스은 네이버 21~200위권에서 관찰 중인 후보입니다. 추가 수집 후 반복 등장 여부를 확인해야 합니다.,processed,음료/차류,브랜드_완제품,Y,,Top200_확장후보
2026-05-21,pm,rising,naver_top200,mbp,mbp,171,101-200,,,reentry,RE-ENTRY,N,Y,2026-05-19,pm,191.0,2.0,3,5,1,94,191,20.0,EXCLUDED,0.0,기회 판단 제외 상품입니다.,EXCLUDED,medium,판단 제외,mbp은 초기 관찰 후보입니다. 최근 3일 기준 20단계 상승 흐름이 확인됩니다.,health,단백질/근육,health,Y,,Top200_확장후보
2026-05-21,pm,rising,naver_top200,코큐텐,코큐텐,178,101-200,119.0,-59.0,down,▼ 59단계,N,N,2026-05-20,pm,119.0,1.0,7,12,11,71,178,-37.0,EXCLUDED,0.0,기회 판단 제외 상품입니다.,EXCLUDED,high,판단 제외,코큐텐은 네이버 21~200위권에서 관찰 중인 후보입니다. 추가 수집 후 반복 등장 여부를 확인해야 합니다.,health,영양제,건강식품,Y,,Top200_확장후보
2026-05-21,pm,rising,naver_top200,푸룬주스,푸룬주스,179,101-200,,,reentry,RE-ENTRY,N,Y,2026-05-17,pm,174.0,4.0,4,5,1,140,179,,EXCLUDED,0.0,기회 판단 제외 상품입니다.,EXCLUDED,high,판단 제외,푸룬주스은 네이버 21~200위권에서 관찰 중인 후보입니다. 추가 수집 후 반복 등장 여부를 확인해야 합니다.,processed,음료/차류,브랜드_완제품,Y,,Top200_확장후보
2026-05-21,pm,rising,naver_top200,라면,라면,182,101-200,174.0,-8.0,down,▼ 8단계,N,N,2026-05-20,pm,174.0,1.0,4,8,2,95,182,-8.0,EXCLUDED,0.0,기회 판단 제외 상품입니다.,EXCLUDED,high,판단 제외,라면은 네이버 21~200위권에서 관찰 중인 후보입니다. 추가 수집 후 반복 등장 여부를 확인해야 합니다.,processed,간편식/반찬,브랜드_완제품,Y,,Top200_확장후보
2026-05-21,pm,rising,naver_top200,kbo빼빼로,kbo빼빼로,199,101-200,148.0,-51.0,down,▼ 51단계,N,N,2026-05-20,pm,148.0,1.0,4,6,2,142,199,-51.0,EXCLUDED,0.0,기회 판단 제외 상품입니다.,EXCLUDED,high,판단 제외,kbo빼빼로은 네이버 21~200위권에서 관찰 중인 후보입니다. 추가 수집 후 반복 등장 여부를 확인해야 합니다.,dessert,과자/간식,브랜드_완제품,Y,,Top200_확장후보
2026-05-21,pm,rising,naver_top200,그래니샐러드,그래니샐러드,200,101-200,,,reentry,RE-ENTRY,N,Y,2026-05-16,pm,177.0,5.0,3,3,1,177,200,,EXCLUDED,0.0,기회 판단 제외 상품입니다.,EXCLUDED,medium,판단 제외,그래니샐러드은 네이버 21~200위권에서 관찰 중인 후보입니다. 추가 수집 후 반복 등장 여부를 확인해야 합니다.,brand,브랜드/완제품,브랜드_완제품,Y,,Top200_확장후보
